country,Region indicator,"Life ladder, 2015-2017","Standard error, life ladder, 2015-2017","Log of GDP per person, 2015-2017","GDP per person, 2015-2017","Healthy life expectancy, 2015-2017","Social support, 2015-2017","Standard error, social support, 2015-2017","Freedom to make life choices, 2015-2017","Standard error, freedom to make life choices, 2015-2017","Generosity, 2015-2017, without adjustment for GDP per person","Standard error, generosity, 2015-2017","Perceptions of corruption, 2015-2017","Standard error, perceptions of corruption, 2015-2017"
Afghanistan,South Asia,3.63151884078979,0.042359840124846,7.46260976791382,1741.6875,52.0133285522461,0.525074541568756,0.011118961498141,0.445294231176376,0.011448964476585,0.179053544998169,0.008330868557096,0.879704535007477,0.006009076721966
Albania,Central and Eastern Europe,4.58603954315186,0.055812787264586,9.33812618255615,11363.095703125,68.8715515136719,0.639576375484467,0.010078066028655,0.726340234279633,0.009421178139746,0.259975373744965,0.009048300795257,0.88677841424942,0.005774962715805
Algeria,Middle East and North Africa,5.29463768005371,0.057086996734142,9.54070281982422,13914.7236328125,65.6048583984375,0.776976704597473,0.011170882731676,0.439177334308624,0.019161486998201,0.128987744450569,0.01232744473964,0.698342978954315,0.019292728975415
Angola,Sub-Saharan Africa,3.79483795166016,0.079919315874577,8.74195671081543,6260.1328125,52.4607086181641,0.765275478363037,0.015743685886264,0.374172747135162,0.018346261233091,0.106828570365906,0.011498649604619,0.833540439605713,0.016014093533158
Argentina,Latin America and Caribbean,6.38795757293701,0.049497004598379,9.84200096130371,18807.310546875,67.3984832763672,0.905564665794373,0.006363280117512,0.85338968038559,0.007526321802288,0.16317380964756,0.007776919752359,0.847881674766541,0.006881147157401
Armenia,Commonwealth of Independent States,4.32056522369385,0.046599715948105,9.01890182495117,8257.7041015625,64.9624786376953,0.710184693336487,0.009442767128348,0.592957973480225,0.010660568252206,0.12258356064558,0.006905243266374,0.895624935626984,0.006379431579262
Australia,North America and ANZ,7.2720513343811,0.044062949717045,10.7004194259644,44374.46484375,72.6502990722656,0.948141157627106,0.005684959702194,0.918003737926483,0.007726734038442,0.694878876209259,0.012152797542513,0.388529062271118,0.01264388859272
Austria,Western Europe,7.13936233520508,0.035738773643971,10.7049169540405,44574.48828125,72.0495681762695,0.920177042484283,0.00573523202911,0.89337158203125,0.006564917042851,0.509860396385193,0.010382580570877,0.533494234085083,0.009448640048504
Azerbaijan,Commonwealth of Independent States,5.20059490203857,0.035344656556845,9.68574523925781,16086.6533203125,62.9697494506836,0.779933214187622,0.009028784930706,0.735739469528198,0.009759251028299,0.10410862416029,0.006177492439747,0.620859324932098,0.011188980191946
Bahrain,Middle East and North Africa,6.10506868362427,0.044032443314791,10.6934127807617,44064.6328125,65.9767913818359,0.86359828710556,0.007030158303678,0.874140799045563,0.006279327906668,0.510673224925995,0.01012296974659,,
Bangladesh,South Asia,4.50039052963257,0.042117509990931,8.1066255569458,3316.3681640625,62.2035598754883,0.652717888355255,0.009915128350258,0.861735761165619,0.007413707207888,0.170758500695229,0.008096794597805,0.681194186210632,0.009344772435725
Belarus,Commonwealth of Independent States,5.48332643508911,0.037971056997776,9.73315715789795,16867.72265625,66.0305099487305,0.917586326599121,0.005753220058978,0.632646799087524,0.010505991056562,0.21748723089695,0.008474286645651,0.661701798439026,0.01052816119045
Belgium,Western Europe,6.9268856048584,0.034719590097666,10.6476554870605,42093.7890625,72.1429290771484,0.911503732204437,0.006721443030983,0.864310026168823,0.007992961443961,0.421579718589783,0.010977175086737,0.502901017665863,0.010070164687932
Belize,Latin America and Caribbean,5.95564651489258,0.123082891106606,8.98788261413574,8005.48828125,58.9239082336426,0.755414307117462,0.022627901285887,0.872770309448242,0.017560267820954,0.286091297864914,0.02273428812623,0.783099353313446,0.019373059272766
Benin,Sub-Saharan Africa,4.14136409759522,0.057954616844654,7.61031341552734,2018.91076660156,51.5617980957031,0.457777112722397,0.011714859865606,0.744072258472443,0.010327198542655,0.149063423275948,0.008422113955021,0.823281526565552,0.008609598502517
Bhutan,South Asia,5.08212852478027,0.057889349758625,8.95458793640137,7743.33642578125,60.5679435729981,0.850920915603638,0.014276963658631,0.829656422138214,0.01480458304286,0.563592195510864,0.019132426008582,0.63132780790329,0.01897450722754
Bolivia,Latin America and Caribbean,5.75188970565796,0.045960478484631,8.80925273895264,6695.91357421875,59.9957885742188,0.805337011814117,0.008782043121755,0.88369345664978,0.007219995837659,0.209027826786041,0.0090954573825,0.847298145294189,0.006828548386693
Bosnia and Herzegovina,Central and Eastern Europe,5.12935400009155,0.048308450728655,9.33534812927246,11331.572265625,67.8382720947266,0.74608314037323,0.009169430471957,0.609956622123718,0.010363616980612,0.363586843013763,0.009912128560245,0.94665253162384,0.004430054686964
Botswana,Sub-Saharan Africa,3.58982872962952,0.058359567075968,9.66183853149414,15706.6357421875,57.1057052612305,0.785132467746735,0.009396764449775,0.842526435852051,0.008382398635149,0.119786821305752,0.007107092533261,0.776348769664764,0.009078891947865
Brazil,Latin America and Caribbean,6.41889047622681,0.049110028892756,9.56330871582031,14232.861328125,65.2441329956055,0.908001840114594,0.005493432283401,0.789254188537598,0.008672230876982,0.217360466718674,0.008557162247598,0.784572958946228,0.007929690182209
Bulgaria,Central and Eastern Europe,4.93312454223633,0.045322522521019,9.7834415435791,17737.591796875,66.4154891967773,0.924724042415619,0.005930664017797,0.675944566726685,0.01052718795836,0.162422731518745,0.007633193861693,0.929407775402069,0.00533464178443
Burkina Faso,Sub-Saharan Africa,4.42439126968384,0.047337830066681,7.40432596206665,1643.07702636719,51.9911003112793,0.753720283508301,0.009792630560696,0.636307597160339,0.011086731217802,0.152457877993584,0.008027818985283,0.710499942302704,0.010220274329186
Burundi,Sub-Saharan Africa,2.90453505516052,0.086576715111733,6.68857002258301,803.172912597656,48.5685577392578,0.561732590198517,0.01842387765646,0.428722262382507,0.018433142453432,0.054393403232098,0.008235759101808,0.806447207927704,0.015389130450785
Cambodia,Southeast Asia,4.43258810043335,0.05262602865696,8.15907573699951,3494.95483398437,58.3711280822754,0.750254333019257,0.008240192197263,0.959941327571869,0.00377634097822,0.336479425430298,0.009455299004912,0.82680344581604,0.007279823068529
Cameroon,Sub-Saharan Africa,4.9753270149231,0.058654997497797,8.114089012146,3341.21240234375,49.735164642334,0.669572830200195,0.010617674328387,0.755737602710724,0.00980846490711,0.22044625878334,0.009532882831991,0.866538763046265,0.007191713433713
Canada,North America and ANZ,7.32852840423584,0.047058839350939,10.6697816848755,43035.546875,72.190803527832,0.931540191173553,0.007017951458693,0.923505961894989,0.010606041178107,0.625681042671204,0.015014038421214,0.409655749797821,0.01622586324811
Central African Republic,Sub-Saharan Africa,3.0829975605011,0.073256053030491,6.47370624542236,647.880493164063,44.3124198913574,0.305565357208252,0.01269587688148,0.630962014198303,0.013776701875031,0.167455777525902,0.010431732982397,0.875871241092682,0.008499441668391
Chad,Sub-Saharan Africa,4.30058717727661,0.061168000102043,7.54616212844849,1893.4619140625,45.65771484375,0.67619252204895,0.011011133901775,0.533072292804718,0.011766868643463,0.171422481536865,0.008913114666939,0.835992634296417,0.008354159072042
Chile,Latin America and Caribbean,6.47618913650513,0.045219730585814,10.0303153991699,22704.431640625,69.4377136230469,0.849452078342438,0.008088841103017,0.736905336380005,0.009945803321898,0.387090563774109,0.010806838981807,0.834768056869507,0.007236748468131
China,East Asia,5.24579811096191,0.024825250729919,9.57429599761963,14390.103515625,69.1553039550781,0.772204279899597,0.004847450647503,0.876166462898254,0.007079292554408,0.091700039803982,0.003487431677058,,
Colombia,Latin America and Caribbean,6.26008176803589,0.050131946802139,9.48151206970215,13115.001953125,63.9825706481934,0.893501877784729,0.006083903834224,0.82118684053421,0.008371973410249,0.191339626908302,0.008270969614387,0.873871207237244,0.00579198775813
Congo (Brazzaville),Sub-Saharan Africa,4.55867147445679,0.065837480127812,8.58600616455078,5356.17919921875,54.7894706726074,0.636860966682434,0.01097178645432,0.806351065635681,0.009093996137381,0.112148799002171,0.006983247585595,0.803959429264069,0.009031970053911
Congo (Kinshasa),Sub-Saharan Africa,4.24494600296021,0.048918265849352,6.61926078796387,749.390930175781,50.4256019592285,0.769605278968811,0.010188180021942,0.636904776096344,0.011282382532954,0.123985461890697,0.007532867137343,0.850198268890381,0.007830506190658
Costa Rica,Latin America and Caribbean,7.07165431976318,0.045011524111033,9.64099884033203,15382.701171875,69.6997146606445,0.901704072952271,0.005970793310553,0.90538102388382,0.006581773515791,0.274674296379089,0.009664649143815,0.760924518108368,0.007942740805447
Croatia,Central and Eastern Europe,5.3212103843689,0.039393547922373,9.97769069671631,21540.51171875,67.1917419433594,0.779965579509735,0.009555950760841,0.694128334522247,0.010410418733955,0.264014899730682,0.009380839765072,0.874756753444672,0.006277178879827
Cyprus,Western Europe,5.76253366470337,0.055097572505474,10.3434886932373,31054.1796875,72.6089935302734,0.792133808135986,0.009105958975852,0.729775667190552,0.009665713645518,0.422272145748138,0.010630520060659,0.882088601589203,0.00641277898103
Czech Republic,Central and Eastern Europe,6.71090459823608,0.036595791578293,10.3584308624268,31521.6796875,70.8761215209961,0.914136350154877,0.005560472607613,0.830621242523193,0.008171855472028,0.206805914640427,0.008231702260673,0.884560942649841,0.005951305385679
Denmark,Western Europe,7.55527782440186,0.03468943014741,10.7363958358765,45999.9609375,71.3122711181641,0.955462276935577,0.004485818557441,0.948895275592804,0.004694763105363,0.579054057598114,0.010584872215986,0.193662241101265,0.008052564226091
Dominican Republic,Latin America and Caribbean,5.30177211761475,0.063123762607575,9.54977321624756,14041.509765625,63.3352775573731,0.894284009933472,0.006096712779254,0.860594034194946,0.007304415106773,0.230584472417831,0.00878596957773,0.751462996006012,0.007665529381484
Ecuador,Latin America and Caribbean,5.97318077087402,0.052390977740288,9.2526388168335,10432.0576171875,67.1464920043945,0.849092364311218,0.007262429688126,0.84197986125946,0.007817583158612,0.198478400707245,0.00839835498482,0.724856436252594,0.008497999049723
Egypt,Middle East and North Africa,4.41917705535889,0.046466030180454,9.2404956817627,10306.1455078125,61.4129257202148,0.724412739276886,0.009262842126191,0.636678874492645,0.010321315377951,0.164250925183296,0.007495306432247,0.749844431877136,0.010842847637832
El Salvador,Latin America and Caribbean,6.16678094863892,0.053808879107237,8.98498439788818,7982.3203125,64.0954284667969,0.808451771736145,0.008322719484568,0.761672377586365,0.009225000627339,0.101884640753269,0.006355683784932,0.794663727283478,0.007517091464251
Estonia,Central and Eastern Europe,5.73922157287598,0.038846500217915,10.251012802124,28311.201171875,67.1995620727539,0.931745052337647,0.005049081984907,0.839159548282623,0.007890260778368,0.232368931174278,0.008954914286733,0.625703632831574,0.010976024903357
Ethiopia,Sub-Saharan Africa,4.35020351409912,0.040136802941561,7.38589906692505,1613.07739257813,56.2984657287598,0.693872034549713,0.009957189671695,0.754294395446777,0.009521320462227,0.220371320843697,0.008826901204884,0.677075564861298,0.010598153807223
Finland,Western Europe,7.63210201263428,0.032047413289547,10.5884733200073,39674.87109375,71.5175018310547,0.956149339675903,0.003920810297132,0.94669371843338,0.005142930429429,0.421380996704102,0.010529167950153,0.221270054578781,0.008508029393852
France,Western Europe,6.48931360244751,0.040468569844961,10.5489368438721,38136.87109375,72.5889358520508,0.904789924621582,0.007208362221718,0.811832785606384,0.009118945337832,0.273441076278687,0.009561199694872,0.622337937355042,0.009577272459865
Gabon,Sub-Saharan Africa,4.75834655761719,0.051664430648089,9.72511672973633,16732.642578125,56.7120475769043,0.78101247549057,0.009340734221041,0.67386668920517,0.010478577576578,0.107504159212112,0.006821447052062,0.851480901241303,0.007558374665678
Georgia,Commonwealth of Independent States,4.34049129486084,0.043076604604721,9.13740253448486,9296.5859375,64.2197570800781,0.547448337078095,0.011061604134739,0.689984619617462,0.010679919272661,0.0720060095191,0.005382981617004,0.550256550312042,0.012645183131099
Germany,Western Europe,6.96474742889404,0.030405936762691,10.6993551254272,44327.26171875,71.0791015625,0.908021032810211,0.006331972312182,0.867221891880035,0.007468001917005,0.558219730854034,0.009022849611938,0.430079072713852,0.007884649559855
Ghana,Sub-Saharan Africa,4.65697288513184,0.055319976061583,8.29733753204346,4013.17309570312,54.6090621948242,0.671591341495514,0.010032160207629,0.793514251708984,0.008633470162749,0.277398496866226,0.009621944278479,0.893568754196167,0.005744117777795
Greece,Western Europe,5.35786056518555,0.050022829324007,10.1025638580322,24405.501953125,71.6477432250977,0.796696245670319,0.008611962199211,0.484304934740067,0.010826632380486,0.086994521319866,0.005758517887443,0.864572703838348,0.006158117204905
Guatemala,Latin America and Caribbean,6.38185262680054,0.058673195540905,8.90629196166992,7378.25146484375,63.14404296875,0.823568165302277,0.008066948503256,0.882483243942261,0.007295465562493,0.271144837141037,0.009650294668973,0.81630265712738,0.007161979563534
Guinea,Sub-Saharan Africa,3.96410012245178,0.054144412279129,7.50080871582031,1809.50524902344,50.6505508422852,0.629381716251373,0.01030636113137,0.705858170986176,0.009751001372933,0.173848122358322,0.008082248270512,0.773457825183868,0.008671881631017
Haiti,Latin America and Caribbean,3.58195972442627,0.06708811968565,7.40779590606689,1648.78820800781,53.0969505310059,0.597163140773773,0.014480479061604,0.395070165395737,0.014578783884645,0.487097680568695,0.014858948066831,0.755475521087647,0.012018824927509
Honduras,Latin America and Caribbean,5.5040454864502,0.064096033573151,8.38699722290039,4389.61669921875,63.5844612121582,0.79803603887558,0.008303206413984,0.759944796562195,0.009077519178391,0.260578572750092,0.009236058220267,0.810827493667603,0.007110823877156
Hong Kong S.A.R. of China,East Asia,5.43042850494385,0.047409892082214,10.9095335006714,54695.32421875,,0.832682549953461,0.010112637653947,0.815122306346893,0.010422574356198,0.533378481864929,0.013166883029044,0.408689230680466,0.012131676077843
Hungary,Central and Eastern Europe,5.61998224258423,0.04023802280426,10.1579189300537,25794.560546875,67.0195388793945,0.878176927566528,0.006866836454719,0.59203964471817,0.010906049981713,0.186147883534431,0.008132812567055,0.905561029911041,0.006135107018054
Iceland,Western Europe,7.49522590637207,0.049659974873066,10.7111787796021,44854.48046875,72.7559814453125,0.977497398853302,0.004213872831315,0.943218648433685,0.007094476372004,0.6848184466362,0.014124876819551,0.691877782344818,0.012740476988256
India,South Asia,4.18981218338013,0.024141006171703,8.71338367462158,6083.79345703125,59.2573738098145,0.610865712165833,0.006345681380481,0.827820241451263,0.004975432530046,0.246470808982849,0.005674556829035,0.774644315242767,0.005014343652874
Indonesia,Southeast Asia,5.0925784111023,0.051623489707708,9.2843770980835,10768.4638671875,60.4364891052246,0.801868557929993,0.008482196368277,0.826849281787872,0.008465276099741,0.775615572929382,0.009147877804935,0.914106369018555,0.005686713382602
Iran,Middle East and North Africa,4.70656204223633,0.059085916727781,9.79659938812256,17972.5234375,65.7357177734375,0.620776891708374,0.011442706920207,0.760562419891357,0.010049366392195,0.504222810268402,0.011583740822971,0.708027720451355,0.010804089717567
Iraq,Middle East and North Africa,4.45563936233521,0.074569791555405,9.64029407501221,15371.86328125,60.8644371032715,0.702425718307495,0.011297168210149,0.629619598388672,0.011497650295496,0.278833270072937,0.010306282900274,0.77201634645462,0.008954648859799
Ireland,Western Europe,6.97709512710571,0.039576139301062,11.0460948944092,62698.6328125,71.5751571655273,0.952267706394196,0.004406692460179,0.890615284442902,0.007052167318761,0.636513769626617,0.010392197407782,0.382129222154617,0.009532913565636
Israel,Middle East and North Africa,7.18999862670898,0.034144129604101,10.3916902542114,32587.701171875,71.9549255371094,0.89108669757843,0.006563456729054,0.764510691165924,0.008767616003752,0.516909897327423,0.010035854764283,0.795871078968048,0.007626374717802
Italy,Western Europe,6.00035524368286,0.041973132640123,10.4569396972656,34784.9375,73.7829360961914,0.918766438961029,0.006198696326464,0.61055451631546,0.0108792912215,0.326457053422928,0.010257414542139,0.894133627414703,0.005877437535673
Ivory Coast,Sub-Saharan Africa,4.67120885848999,0.055493786931038,8.13384628295898,3407.88208007812,46.522590637207,0.661694645881653,0.010683468542993,0.766587436199188,0.009362756274641,0.160901173949242,0.008282562717795,0.756601631641388,0.009359044022858
Jamaica,Latin America and Caribbean,5.8897590637207,0.120590433478355,9.02586460113525,8315.400390625,65.8187942504883,0.915701866149902,0.01449850294739,0.858068525791168,0.018372943624854,0.156673923134804,0.018866930156946,0.888890027999878,0.013958735391498
Japan,East Asia,5.91503429412842,0.041694153100252,10.5535173416138,38311.95703125,75.0882415771484,0.90281069278717,0.006536127068102,0.839335978031158,0.008861093781888,0.245056107640266,0.009452690370381,0.670361459255219,0.010016329586506
Jordan,Middle East and North Africa,5.16070222854614,0.055497284978628,9.03559684753418,8396.7236328125,64.2917861938477,0.822467088699341,0.008122144266963,0.767685294151306,0.008973720483482,0.20645546913147,0.00826621055603,,
Kazakhstan,Commonwealth of Independent States,5.79005336761475,0.041203886270523,10.0666618347168,23544.8359375,63.8649444580078,0.925234258174896,0.005571072921157,0.755724132061005,0.00928698386997,0.314800053834915,0.009802798740566,0.723837792873383,0.009999387897551
Kenya,Sub-Saharan Africa,4.40970706939697,0.052858699113131,7.9804630279541,2923.28442382812,58.2969131469727,0.733782470226288,0.010018022730947,0.797864198684692,0.008922330103815,0.469630509614944,0.01112256757915,0.84487384557724,0.006915373727679
Kosovo,Central and Eastern Europe,5.66214895248413,0.048299089074135,9.14228343963623,9342.0732421875,,0.808084726333618,0.008170251734555,0.751152515411377,0.008993790484965,0.429290354251862,0.010217227041721,0.904268085956574,0.005421029403806
Kuwait,Middle East and North Africa,6.08338689804077,0.044510245323181,11.1300249099731,68188.0703125,65.2445449829102,0.837385177612305,0.007061780896038,0.840411305427551,0.006779125425965,0.425504118204117,0.009389355778694,,
Kyrgyzstan,Commonwealth of Independent States,5.1307544708252,0.043855711817741,8.09799003601074,3287.85302734375,62.68017578125,0.884335458278656,0.007020871620625,0.828307032585144,0.008586165495217,0.368075966835022,0.010759870521724,0.882819533348084,0.006843862123787
Laos,Southeast Asia,4.62314081192017,0.076725073158741,8.70856761932373,6054.56396484375,57.8695755004883,0.727889597415924,0.018256742507219,0.900917172431946,0.012651660479605,0.371115684509277,0.019328517839313,0.626053154468536,0.022053422406316
Latvia,Central and Eastern Europe,5.93308591842651,0.03592074662447,10.0839471817017,23955.35546875,65.109260559082,0.89983195066452,0.006342728156596,0.679467141628265,0.009961903095245,0.228871494531631,0.008339219726622,0.824202656745911,0.007910839281976
Lebanon,Middle East and North Africa,5.198890209198,0.04522480070591,9.49471664428711,13289.3291015625,68.7156372070313,0.782185673713684,0.008830889128149,0.619498729705811,0.010211537592113,0.329722315073013,0.009780504740775,0.884623825550079,0.005560170393437
Lesotho,Sub-Saharan Africa,3.80820488929749,0.120583616197109,7.914381980896,2736.35498046875,46.4804000854492,0.802021265029907,0.015214481391013,0.729934275150299,0.017300711944699,0.097547829151154,0.011165455915034,0.740821719169617,0.015493051148951
Liberia,Sub-Saharan Africa,3.49537587165833,0.064847186207771,6.64014339447022,765.204711914063,52.3855781555176,0.656341314315796,0.01014850102365,0.726524651050568,0.009797779843211,0.140305057168007,0.007222140207887,0.891234457492828,0.006100515369326
Libya,Middle East and North Africa,5.56573534011841,0.061633188277483,9.56090068817139,14198.62890625,61.3899879455566,0.857142567634583,0.008584734983742,0.79132354259491,0.0094606410712,0.245409578084946,0.009850045666099,0.67307585477829,0.016359847038984
Lithuania,Central and Eastern Europe,5.95188999176025,0.043510273098946,10.2408037185669,28023.640625,66.5154113769531,0.929589509963989,0.00553068658337,0.668457567691803,0.010615275241435,0.139114007353783,0.007161662913859,0.93492066860199,0.005785665940493
Luxembourg,Western Europe,6.90994453430176,0.033378008753061,11.4587860107422,94730,72.2013092041016,0.926702618598938,0.006027095485479,0.905802071094513,0.007094415370375,0.496345549821854,0.011298681609333,0.354121446609497,0.009865556843579
Macedonia,Central and Eastern Europe,5.18480634689331,0.047808833420277,9.47803688049316,13069.50390625,65.7304306030273,0.811981856822968,0.008640367537737,0.70600026845932,0.009993977844715,0.307578921318054,0.009784787893295,0.849811911582947,0.007626064121723
Madagascar,Sub-Saharan Africa,3.77362942695618,0.042675722390413,7.23948669433594,1393.37854003906,56.6400032043457,0.676454842090607,0.010908929631114,0.560127675533295,0.01145691331476,0.105848133563995,0.00684563210234,0.857063889503479,0.007791078649461
Malawi,Sub-Saharan Africa,3.58676290512085,0.053264766931534,6.99455070495606,1090.67358398438,53.6189613342285,0.526804506778717,0.010558532550931,0.820440769195557,0.008140708319843,0.17348401248455,0.007933207787573,0.798514842987061,0.007800383493304
Malaysia,Southeast Asia,6.32212114334106,0.079167075455189,10.1266956329346,25001.61328125,65.055305480957,0.819711863994598,0.0156678147614,0.673755049705505,0.019068006426096,0.574268162250519,0.020178699865937,0.837454676628113,0.013933631591499
Mali,Sub-Saharan Africa,4.44701337814331,0.046863596886396,7.58461856842041,1967.69592285156,48.7782363891602,0.809471189975739,0.008768844418228,0.683123886585236,0.010516493581235,0.111183062195778,0.006822483148426,0.843466877937317,0.007839140482247
Malta,Western Europe,6.62660932540894,0.042093489319086,10.4764032363892,35468.60546875,71.8295135498047,0.928674340248108,0.005729323253036,0.917005300521851,0.006019896361977,0.701128482818604,0.010255802422762,0.684073209762573,0.008850662969053
Mauritania,Sub-Saharan Africa,4.35546255111694,0.046657752245665,8.18592166900635,3590.05102539062,53.1861457824707,0.81431257724762,0.009148896671832,0.482289999723434,0.012097365222871,0.147491633892059,0.008100100792944,0.774384140968323,0.010172487236559
Mauritius,Sub-Saharan Africa,5.89146900177002,0.058430381119251,9.89810562133789,19892.650390625,65.5192718505859,0.872500658035278,0.008620897307992,0.865327894687653,0.008904488757253,0.451298952102661,0.013070420362055,0.85456383228302,0.008804908953607
Mexico,Latin America and Caribbean,6.48821020126343,0.047234065830708,9.73140335083008,16838.166015625,67.9359893798828,0.817257642745972,0.008451462723315,0.777239978313446,0.009288349188864,0.165230244398117,0.008244903758168,0.771834075450897,0.007717287167907
Moldova,Commonwealth of Independent States,5.63972425460815,0.03666826710105,8.50574398040772,4943.08056640625,63.5156631469727,0.837060153484345,0.007460256572813,0.569458484649658,0.010281339287758,0.228209421038628,0.008441678248346,0.94605153799057,0.004065520130098
Mongolia,East Asia,5.12461614608765,0.037849482148886,9.33296203613281,11304.56640625,62.1037521362305,0.925548017024994,0.005208954680711,0.706538558006287,0.009368539787829,0.420851588249207,0.009870894253254,0.888112187385559,0.006342958658934
Montenegro,Central and Eastern Europe,5.34754848480225,0.052347715944052,9.66409873962402,15742.17578125,66.9461135864258,0.82835590839386,0.008367517963052,0.592260122299194,0.01088875811547,0.225287452340126,0.008875539526343,0.796306431293488,0.008970577269793
Morocco,Middle East and North Africa,5.25371313095093,0.038055077195168,8.89815902709961,7318.48779296875,65.0490493774414,0.631378412246704,0.008678983896971,0.761203765869141,0.007987163960934,0.035593997687101,0.003194803837687,0.809573471546173,0.008291154168546
Mozambique,Sub-Saharan Africa,4.41660881042481,0.081751435995102,7.03285551071167,1133.26208496094,49.4286994934082,0.674101829528809,0.013011577539146,0.820715188980103,0.011057083494961,0.168333515524864,0.009981631301343,0.654548346996307,0.01283233333379
Myanmar,Southeast Asia,4.30781412124634,0.03814397007227,8.58771705627441,5365.35107421875,57.5094184875488,0.785158336162567,0.007596328854561,0.861743927001953,0.006936425808817,0.89988648891449,0.006212226115167,0.617967665195465,0.008945116773248
Namibia,Sub-Saharan Africa,4.44130611419678,0.108363881707191,9.20336246490479,9930.4638671875,55.4954261779785,0.829156398773193,0.015412495471537,0.81097948551178,0.014902053400874,0.098181262612343,0.011568969115615,0.828175961971283,0.011867706663907
Nepal,South Asia,4.88044786453247,0.0567935295403,7.76310682296753,2352.201171875,60.9475822448731,0.80744856595993,0.008989757858217,0.816732287406921,0.008971062488854,0.381380349397659,0.011091419495642,0.802883982658386,0.008270626887679
Netherlands,Western Europe,7.44133853912354,0.029108615592122,10.767728805542,47464.09375,71.6199951171875,0.91371077299118,0.005946035031229,0.910886883735657,0.006232220679522,0.65676873922348,0.010445512831211,0.402848541736603,0.009797391481698
New Zealand,North America and ANZ,7.32376194000244,0.039210069924593,10.4693870544434,35220.62109375,71.5685501098633,0.959618747234345,0.004451792221516,0.936796426773071,0.006444186437875,0.682524621486664,0.011551568284631,0.228876605629921,0.009684366174042
Nicaragua,Latin America and Caribbean,6.14096641540527,0.058508567512035,8.54329109191895,5132.20703125,66.0216751098633,0.844738066196442,0.007264947518706,0.817247271537781,0.008326085284352,0.292489469051361,0.00961091555655,0.709488451480866,0.008783722296357
Niger,Sub-Saharan Africa,4.16551637649536,0.053557500243187,6.81879234313965,914.879455566406,50.945011138916,0.659665584564209,0.010427473112941,0.702045142650604,0.010027260519564,0.107465870678425,0.00639310805127,0.764081835746765,0.009199022315443
Nigeria,Sub-Saharan Africa,5.15535259246826,0.061179783195257,8.6101598739624,5487.1259765625,45.4964904785156,0.784353792667389,0.009824582375586,0.762667953968048,0.009991368278861,0.28479078412056,0.010436798445881,0.888043284416199,0.006181949749589
North Cyprus,Western Europe,5.83482646942139,0.060972191393375,,,,0.800413131713867,0.011277473531664,0.790459394454956,0.011845625936985,0.381759911775589,0.013471577316523,0.663229167461395,0.013076104223728
Norway,Western Europe,7.59371471405029,0.03233527764678,11.0719318389893,64339.6796875,71.0865859985352,0.952147006988525,0.00489894580096,0.951561331748962,0.005051777232438,0.625536561012268,0.01083764154464,0.319610327482223,0.009513006545603
Pakistan,South Asia,5.47246551513672,0.038743581622839,8.49235725402832,4877.349609375,57.3316078186035,0.636363983154297,0.009603817947209,0.655409872531891,0.009448231197894,0.298179924488068,0.009008285589516,0.737520158290863,0.008096727542579
Palestinian Territories,Middle East and North Africa,4.74330425262451,0.054743580520153,8.46014499664307,4722.74267578125,62.9549102783203,0.802767038345337,0.008772080764174,0.59805428981781,0.010916456580162,0.086062766611576,0.006038444116712,0.805517613887787,0.008308803662658
Panama,Latin America and Caribbean,6.4300389289856,0.055570386350155,9.96895790100098,21353.220703125,67.8773574829102,0.893325924873352,0.006550258491188,0.876232862472534,0.007227470166981,0.271135360002518,0.009733309969306,0.830189526081085,0.007370940875262
Paraguay,Latin America and Caribbean,5.68056011199951,0.052870538085699,9.07733154296875,8754.5732421875,63.3518257141113,0.927525758743286,0.006228087469935,0.828851401805878,0.009573802351952,0.258835464715958,0.011165182106197,0.809968590736389,0.010071301832795
Peru,Latin America and Caribbean,5.66316890716553,0.054711669683457,9.39508247375488,12029.08203125,65.2094039916992,0.815927445888519,0.008674507029355,0.819967448711395,0.008485405705869,0.17581282556057,0.008270961232483,0.883582949638367,0.006295578088611
Philippines,Southeast Asia,5.524094581604,0.057506199926138,8.88707160949707,7237.79296875,60.1298522949219,0.841832041740418,0.007786572445184,0.914903223514557,0.006026397459209,0.179394483566284,0.008354496210814,0.752503037452698,0.008104383945465
Poland,Central and Eastern Europe,6.12303113937378,0.038517367094755,10.1723871231079,26170.474609375,68.5707778930664,0.897184133529663,0.006500443443656,0.833217442035675,0.00827837921679,0.259615868330002,0.009101432748139,0.828770637512207,0.009703608229756
Portugal,Western Europe,5.41037225723267,0.050198018550873,10.2108421325684,27196.4609375,71.80517578125,0.889680147171021,0.006972955539823,0.846935629844666,0.007721745874733,0.182340502738953,0.00827416870743,0.915970087051392,0.005149110220373
Qatar,Middle East and North Africa,6.37452936172485,0.098712660372257,11.6931571960449,119749.484375,67.5375213623047,,,,,,,,
Romania,Central and Eastern Europe,5.94521188735962,0.047386180609465,9.97995281219482,21589.29296875,66.8570861816406,0.803612589836121,0.008724177256227,0.817901909351349,0.008585724979639,0.214329153299332,0.008859009481967,0.945374608039856,0.004721813835204
Russia,Commonwealth of Independent States,5.80967092514038,0.033627558499575,10.093879699707,24194.478515625,62.8329162597656,0.909935653209686,0.004749087616801,0.710038065910339,0.007592376321554,0.188827589154243,0.006022562272847,0.899817526340485,0.004797603935003
Rwanda,Sub-Saharan Africa,3.40809178352356,0.046733625233173,7.46425914764404,1744.56262207031,56.5861206054688,0.671545028686523,0.012082609347999,0.909072160720825,0.007618601433933,0.193597957491875,0.010063434019685,0.12614694237709,0.007910210639238
Saudi Arabia,Middle East and North Africa,6.37093830108643,0.056400146335363,10.8250751495361,50265.546875,63.9311637878418,0.849554538726807,0.00844359677285,0.802285313606262,0.009055658243597,0.29694277048111,0.010520654730499,,
Senegal,Sub-Saharan Africa,4.63109827041626,0.03881498426199,7.77443742752075,2379.00463867187,57.6300048828125,0.762184321880341,0.009205537848175,0.715303301811218,0.009670213796198,0.12219212949276,0.006788576953113,0.795054495334625,0.008719104342163
Serbia,Central and Eastern Europe,5.39818048477173,0.051291450858116,9.52734565734863,13730.0986328125,65.5536499023438,0.865078270435333,0.00738478731364,0.616313636302948,0.010772292502225,0.250889658927917,0.009109197184443,0.867465257644653,0.007339205127209
Sierra Leone,Sub-Saharan Africa,4.57058620452881,0.07222805172205,7.21961975097656,1365.96960449219,43.9945259094238,0.637856841087341,0.010576994158328,0.672936916351318,0.010436264798045,0.235969975590706,0.009069048799574,0.848775863647461,0.007018459495157
Singapore,Southeast Asia,6.34320116043091,0.032210681587458,11.3085260391235,81513.671875,75.720832824707,0.898546099662781,0.006350420415401,0.905234754085541,0.006510208360851,0.588738441467285,0.010899631306529,0.103113576769829,0.006853381171823
Slovakia,Central and Eastern Europe,6.17342233657837,0.040946956723929,10.2827033996582,29222.767578125,68.4231414794922,0.933639347553253,0.005142970010638,0.671541094779968,0.010511470958591,0.285165846347809,0.009429194964468,0.921140849590302,0.005097175948322
Slovenia,Central and Eastern Europe,5.94759750366211,0.048646025359631,10.3121032714844,30094.66796875,70.9432907104492,0.921112298965454,0.006223831325769,0.906563580036163,0.007063997443765,0.351247757673264,0.010548311285675,0.852600038051605,0.00733661884442
Somalia,Sub-Saharan Africa,4.98153352737427,0.053626518696547,,,47.626823425293,0.596474707126617,0.012023978866637,0.940793991088867,0.005908660590649,0.175083294510841,0.009168145246804,0.425927847623825,0.011255116201937
South Africa,Sub-Saharan Africa,4.72399377822876,0.054337650537491,9.41562843322754,12278.787109375,54.3808059692383,0.881908178329468,0.007262585684657,0.808618485927582,0.008992472663522,0.194970846176147,0.008507143706083,0.843749582767487,0.00652394676581
South Korea,East Asia,5.87489604949951,0.047314416617155,10.4638996124268,35027.87890625,74.0416946411133,0.797612428665161,0.008945324458182,0.57957911491394,0.01140418369323,0.389888554811478,0.010990216396749,0.851699948310852,0.007205757778138
South Sudan,Sub-Saharan Africa,3.25416207313538,0.066784292459488,7.48045301437378,1773.04382324219,49.5799903869629,0.5538050532341,0.011338473297656,0.468049556016922,0.011535001918674,0.255653291940689,0.009739558212459,0.751583516597748,0.009433502331376
Spain,Western Europe,6.3098783493042,0.040050495415926,10.4141416549683,33327.6171875,74.3634872436523,0.933882892131805,0.006333144381642,0.75171959400177,0.010190764442086,0.33133590221405,0.010755168274045,0.810376465320587,0.007894583046436
Sri Lanka,South Asia,4.47059488296509,0.061846479773522,9.34476757049561,11438.8134765625,65.1422119140625,0.842643260955811,0.01009276881814,0.866356611251831,0.009196767583489,0.514083564281464,0.013501033186913,0.854016482830048,0.009149661287665
Sudan,Sub-Saharan Africa,4.13867282867432,0.105483278632164,8.34005832672119,4188.333984375,53.820011138916,0.812276661396027,0.016652511432767,0.387828946113586,0.023308858275414,0.157809615135193,0.013212217949331,0.795744121074677,0.021830648183823
Sweden,Western Europe,7.31452417373657,0.037647809833288,10.7501611709595,46637.54296875,72.7452697753906,0.919106185436249,0.005798139609396,0.928836584091187,0.00622392212972,0.580782294273376,0.011316662654281,0.239266380667686,0.009314908646047
Switzerland,Western Europe,7.48731184005737,0.042190700769425,10.9566335678101,57333.109375,73.1737594604492,0.938522934913635,0.005689355544746,0.929152190685272,0.006758654955775,0.549966752529144,0.012199623510242,0.28824770450592,0.010438783094287
Syria,Middle East and North Africa,3.4619128704071,0.102892175316811,,,60.9545135498047,0.461512833833694,0.020292896777392,0.448427855968475,0.019645011052489,0.275650411844254,0.016763599589467,0.680255591869354,0.014863311313093
Taiwan Province of China,East Asia,6.44055986404419,0.042949661612511,,,70.9799728393555,0.892336070537567,0.00708519294858,0.725405931472778,0.009802998043597,0.371283710002899,0.010522869415581,0.802928566932678,0.00856767129153
Tajikistan,Commonwealth of Independent States,5.35252952575684,0.041346956044436,7.91971158981323,2750.9775390625,62.8121452331543,0.787322759628296,0.008764281868935,0.797693610191345,0.008961137384176,0.250162154436111,0.009012117050588,0.696459174156189,0.010205837897956
Tanzania,Sub-Saharan Africa,3.30353617668152,0.05632808059454,7.85780429840088,2585.83642578125,55.9956512451172,0.710566341876984,0.01011230610311,0.778706789016724,0.009214650839567,0.333040565252304,0.010258572176099,0.7672358751297,0.008465979248285
Thailand,Southeast Asia,6.07228755950928,0.045181635767222,9.65989017486572,15676.0625,66.2381362915039,0.884689092636108,0.006614955607802,0.910272240638733,0.00639727525413,0.617245137691498,0.010725627653301,0.892853379249573,0.006382685154676
Togo,Sub-Saharan Africa,3.99850082397461,0.056839823722839,7.22990798950195,1380.09545898438,51.9545288085938,0.499363660812378,0.011556344106793,0.739340305328369,0.010420565493405,0.10930248349905,0.007219154853374,0.760809302330017,0.010521829128265
Trinidad and Tobago,Latin America and Caribbean,6.19185972213745,0.114448457956314,10.3238649368286,30450.720703125,61.7383117675781,0.915294170379639,0.015491347759962,0.857907116413116,0.020035922527313,0.371881812810898,0.026651846244931,0.912230610847473,0.013671228662133
Tunisia,Middle East and North Africa,4.59236574172974,0.043145380914211,9.28660297393799,10792.4599609375,65.7219619750977,0.675955235958099,0.009384306147695,0.601712465286255,0.009923015721142,0.085977874696255,0.005512290168554,0.830830931663513,0.007021629717201
Turkey,Middle East and North Africa,5.48250246047974,0.051051110029221,10.085018157959,23981.025390625,65.5740509033203,0.869648396968842,0.007701822090894,0.646940052509308,0.010653713718057,0.25163146853447,0.009527819231153,0.745847404003143,0.009175534360111
Turkmenistan,Commonwealth of Independent States,5.63622236251831,0.028947096318007,9.65866184234619,15656.8193359375,60.2589645385742,0.931915938854218,0.005471781827509,0.724600851535797,0.010034020058811,0.361354798078537,0.010037141852081,,
Uganda,Sub-Saharan Africa,4.16077375411987,0.061732679605484,7.43036127090454,1686.41674804688,51.4536933898926,0.751009702682495,0.00960607919842,0.752453088760376,0.009680175222456,0.284946441650391,0.009928197599947,0.834780514240265,0.007121229544282
Ukraine,Commonwealth of Independent States,4.10289907455444,0.047774340957403,8.94378280639648,7660.119140625,63.1707763671875,0.882854759693146,0.007382999174297,0.510923445224762,0.011873743496835,0.290620297193527,0.010062161833048,0.925533473491669,0.005465952213854
United Arab Emirates,Middle East and North Africa,6.77406930923462,0.035915859043598,11.1088590621948,66759.9765625,68.4233245849609,0.834960520267487,0.006446488667279,0.937612771987915,0.00429710932076,0.606992125511169,0.008474040776491,,
United Kingdom,Western Europe,6.8143310546875,0.037309356033802,10.5763177871704,39195.5234375,71.7931671142578,0.942500650882721,0.005055516026914,0.82223516702652,0.008512008935213,0.674260973930359,0.010174403898418,0.44442492723465,0.009693333879113
United States,North America and ANZ,6.88604021072388,0.045148719102144,10.8869915008545,53476.17578125,69.7709197998047,0.906464397907257,0.007044538855553,0.834553837776184,0.011179937981069,0.594430208206177,0.012165545485914,0.700341403484345,0.011089336127043
Uruguay,Latin America and Caribbean,6.37882614135742,0.048377487808466,9.90620899200439,20054.501953125,68.2482986450195,0.901662707328796,0.006284198723733,0.899777233600616,0.006433799862862,0.271785646677017,0.009442706592381,0.659914433956146,0.009876864030957
Uzbekistan,Commonwealth of Independent States,6.09606838226318,0.050880983471871,8.70564556121826,6036.89794921875,63.0314865112305,0.952999770641327,0.004417697899044,0.983573198318481,0.002510265912861,0.4888776242733,0.011017771437764,0.469021022319794,0.01655125617981
Venezuela,Latin America and Caribbean,4.80555438995361,0.076836630702019,9.59468269348145,14686.4814453125,64.6749038696289,0.906002700328827,0.008605744689703,0.486134558916092,0.014490645378828,0.136016473174095,0.009669923223555,0.85134345293045,0.008586592972279
Vietnam,Southeast Asia,5.10324621200562,0.037536721676588,8.69209480285645,5955.64501953125,66.0746612548828,0.863339364528656,0.008627197705209,0.894213020801544,0.01165365241468,0.251378029584885,0.010939235799015,0.799902260303497,0.01730952039361
Yemen,Middle East and North Africa,3.35493779182434,0.047506861388683,7.81497240066528,2477.41845703125,54.7970809936524,0.743860483169556,0.009578290395439,0.579306423664093,0.01122247800231,0.033717103302479,0.003552124137059,0.828243613243103,0.013045705854893
Zambia,Sub-Saharan Africa,4.37713003158569,0.066625334322453,8.20314788818359,3652.4296875,53.2642631530762,0.733560264110565,0.009964764118195,0.796939313411713,0.009140711277723,0.283819615840912,0.009998830035329,0.795381128787994,0.008420392870903
Zimbabwe,Sub-Saharan Africa,3.69228577613831,0.057806335389614,7.54440689086914,1890.14135742188,51.7967720031738,0.752728462219238,0.009698675014079,0.715668380260468,0.010130431503058,0.094643011689186,0.006341316271573,0.764015972614288,0.008697591722012
